False,True,id,rank
0.9421636462211609,0.057836368680000305,384A,341.0
0.9371112585067749,0.06288875639438629,384C,332.0
0.896149754524231,0.10385023802518845,384E,279.0
0.9383102655410767,0.06168971583247185,384D,335.0
0.9389693737030029,0.06103063002228737,384G,339.0
0.9357774257659912,0.06422257423400879,384I,324.0
0.8780054450035095,0.12199457734823227,384H,253.0
0.9293135404586792,0.070686474442482,384K,313.0
0.9454139471054077,0.05458604544401169,384M,342.0
0.9082958698272705,0.09170413762331009,384L,287.0
0.9139895439147949,0.08601048588752747,384N,295.0
0.935228168964386,0.0647718533873558,384Q,323.0
0.8988572359085083,0.1011427640914917,384P,284.0
0.9362950921058655,0.06370491534471512,384S,328.0
0.9387890100479126,0.061210986226797104,384R,337.0
0.9363575577735901,0.06364242732524872,384T,329.0
0.8797960877418518,0.12020393460988998,384W,259.0
0.9283298850059509,0.07167012244462967,384V,310.0
0.9334607124328613,0.06653927266597748,384Y,319.0
0.8003137111663818,0.19968625903129578,348Y,80.0
0.7934038639068604,0.20659610629081726,348Q,50.0
0.8286973834037781,0.17130263149738312,348P,191.0
0.7789624929428101,0.22103749215602875,348S,23.0
0.7928023338317871,0.20719769597053528,348R,47.0
0.7959226369857788,0.2040773332118988,348T,60.0
0.8081420660018921,0.19185791909694672,348W,109.0
0.8146384358406067,0.18536154925823212,348V,138.0
0.8118144869804382,0.18818549811840057,348I,131.0
0.8307879567146301,0.16921204328536987,348H,203.0
0.7516570091247559,0.24834299087524414,348K,4.0
0.8103296756744385,0.18967032432556152,348M,118.0
0.8425410985946655,0.15745887160301208,348L,226.0
0.8050950765609741,0.19490492343902588,348N,92.0
0.7851265668869019,0.21487343311309814,348A,33.0
0.7703021168708801,0.22969788312911987,348C,13.0
0.784196138381958,0.2158038318157196,348E,31.0
0.7982678413391113,0.20173215866088867,348D,72.0
0.8060190081596375,0.19398097693920135,348F,97.0
0.9092023372650146,0.09079764783382416,417G,288.0
0.7745205163955688,0.22547946870326996,346W,16.0
0.7811813950538635,0.21881859004497528,309C,26.0
0.7972083687782288,0.20279163122177124,309A,69.0
0.7996807098388672,0.2003193199634552,309F,76.0
0.8112965226173401,0.1887034922838211,309G,128.0
0.7975760102272034,0.20242397487163544,309D,71.0
0.8469809889793396,0.1530190110206604,309E,233.0
0.825722336769104,0.1742776483297348,309K,178.0
0.815435528755188,0.18456444144248962,309H,142.0
0.816585898399353,0.18341407179832458,309I,148.0
0.8069113492965698,0.19308868050575256,309N,101.0
0.8166989684104919,0.18330103158950806,309L,150.0
0.7887598276138306,0.21124020218849182,309R,40.0
0.8003036975860596,0.19969633221626282,309S,79.0
0.7961635589599609,0.20383644104003906,309P,61.0
0.8323968052864075,0.16760319471359253,309Q,209.0
0.7739254236221313,0.22607459127902985,309V,15.0
0.7524937987327576,0.24750621616840363,309W,5.0
0.7843122482299805,0.21568772196769714,309T,32.0
0.8619979619979858,0.13800206780433655,417M,238.0
0.787889301776886,0.212110698223114,346N,38.0
0.8207265138626099,0.17927350103855133,346M,161.0
0.807316780090332,0.19268319010734558,309Y,106.0
0.7618818283081055,0.23811820149421692,346K,9.0
0.8010246157646179,0.1989753693342209,346I,82.0
0.7986706495285034,0.20132936537265778,346H,75.0
0.7932860255241394,0.2067139595746994,346L,49.0
0.8830655217170715,0.11693447828292847,417K,264.0
0.772061288356781,0.227938711643219,302Y,14.0
0.8134205341339111,0.18657946586608887,302W,135.0
0.7755498886108398,0.22445008158683777,302V,19.0
0.8059515357017517,0.19404847919940948,302T,96.0
0.8259650468826294,0.174034982919693,302S,179.0
0.8183026313781738,0.18169738352298737,302R,155.0
0.8306232690811157,0.16937674582004547,302Q,202.0
0.8027652502059937,0.19723476469516754,302P,85.0
0.8291374444961548,0.17086255550384521,302N,195.0
0.831065833568573,0.168934166431427,302M,204.0
0.8285304307937622,0.1714695394039154,302L,189.0
0.806742250919342,0.19325776398181915,302K,99.0
0.808030366897583,0.19196966290473938,302I,108.0
0.8150994777679443,0.18490049242973328,302H,140.0
0.7928463220596313,0.20715370774269104,302G,48.0
0.7856216430664062,0.21437838673591614,302F,35.0
0.8097275495529175,0.1902724653482437,302E,115.0
0.8095671534538269,0.1904328465461731,302D,113.0
0.8072736859321594,0.19272632896900177,302C,104.0
0.8426615595817566,0.1573384404182434,417T,227.0
0.8765398263931274,0.12346018850803375,417V,249.0
0.8762722611427307,0.12372776120901108,417P,248.0
0.8784367442131042,0.12156324833631516,417Q,255.0
0.8846598863601685,0.11534009128808975,417R,266.0
0.8035581111907959,0.1964418888092041,346V,88.0
0.9062740802764893,0.09372589737176895,417Y,286.0
0.878150999546051,0.12184899300336838,417D,254.0
0.9120191931724548,0.08798079937696457,417E,293.0
0.8907272815704346,0.10927274823188782,417F,275.0
0.8020024299621582,0.1979975551366806,346T,84.0
0.8053737878799438,0.19462619721889496,417A,94.0
0.8238615989685059,0.17613838613033295,417C,172.0
0.8643440008163452,0.13565599918365479,417L,239.0
0.7951844930648804,0.20481552183628082,346S,58.0
0.8789865970611572,0.12101338803768158,417N,256.0
0.9345674514770508,0.06543254852294922,417H,322.0
0.8974387049674988,0.10256130993366241,417I,282.0
0.7852177023887634,0.21478228271007538,346R,34.0
0.7940685749053955,0.20593145489692688,346Q,54.0
0.8269530534744263,0.17304696142673492,346P,182.0
0.7880977392196655,0.21190226078033447,346Y,39.0
0.7788301110267639,0.22116990387439728,417S,22.0
0.8112128376960754,0.18878717720508575,346F,126.0
0.7841202616691589,0.21587975323200226,346E,30.0
0.7745620012283325,0.2254379689693451,346D,17.0
0.8272454738616943,0.17275452613830566,346C,184.0
0.9112292528152466,0.08877076208591461,401Y,291.0
0.8105772137641907,0.18942280113697052,346A,121.0
0.9362671971321106,0.0637328252196312,401S,327.0
0.9098502993583679,0.09014969319105148,401R,290.0
0.8848036527633667,0.11519636958837509,401Q,267.0
0.9000780582427979,0.09992191940546036,401P,285.0
0.9238279461860657,0.07617207616567612,401W,306.0
0.9211799502372742,0.07882006466388702,401T,303.0
0.9279559254646301,0.07204405218362808,401K,309.0
0.8897204995155334,0.11027951538562775,401I,274.0
0.9360804557800293,0.06391952186822891,401H,325.0
0.9364039897918701,0.06359604001045227,401N,331.0
0.8534666895866394,0.1465333253145218,401M,235.0
0.8707022070884705,0.12929780781269073,401L,243.0
0.8594473600387573,0.14055262506008148,401C,237.0
0.9339086413383484,0.0660913810133934,401A,321.0
0.8886880278587341,0.11131194978952408,401G,272.0
0.8735323548316956,0.12646763026714325,401F,246.0
0.933497428894043,0.06650254875421524,401E,320.0
0.884173572063446,0.11582643538713455,401D,265.0
0.816382884979248,0.18361714482307434,305N,146.0
0.7934842705726624,0.20651574432849884,305L,51.0
0.7936991453170776,0.20630088448524475,305M,52.0
0.8041831851005554,0.1958167999982834,305K,89.0
0.8030478954315186,0.19695208966732025,305H,87.0
0.7999637126922607,0.20003627240657806,305I,77.0
0.8222774267196655,0.17772257328033447,305G,165.0
0.8460617065429688,0.15393829345703125,305D,231.0
0.8071613311767578,0.1928386390209198,305E,102.0
0.8108865022659302,0.1891135275363922,305C,122.0
0.7873678207397461,0.2126321941614151,305A,37.0
0.8100540637969971,0.18994590640068054,305Y,117.0
0.8112398982048035,0.18876010179519653,305V,127.0
0.7833240032196045,0.2166760265827179,305W,28.0
0.8232498168945312,0.17675018310546875,305T,167.0
0.7999860048294067,0.20001399517059326,305R,78.0
0.7858662605285645,0.21413376927375793,305S,36.0
0.7468441724777222,0.25315579771995544,305P,2.0
0.8028415441513062,0.19715842604637146,305Q,86.0
0.7968040704727173,0.20319589972496033,306C,66.0
0.7470070123672485,0.25299298763275146,306A,3.0
0.7649090886116028,0.23509089648723602,306G,10.0
0.8135421276092529,0.18645790219306946,306F,136.0
0.8141384720802307,0.18586154282093048,306E,137.0
0.8433408737182617,0.1566590964794159,306D,229.0
0.7750949263572693,0.2249050885438919,306K,18.0
0.7593018412590027,0.24069815874099731,306I,8.0
0.8174607753753662,0.1825392246246338,306H,153.0
0.7790076732635498,0.22099235653877258,306N,24.0
0.7779695987701416,0.2220304310321808,306M,21.0
0.83447265625,0.16552734375,306L,211.0
0.8004530668258667,0.1995469033718109,306S,81.0
0.7702150940895081,0.22978489100933075,306R,12.0
0.8303489685058594,0.16965104639530182,306Q,200.0
0.8433192372322083,0.15668076276779175,306P,228.0
0.8236680626869202,0.17633193731307983,306W,171.0
0.7692842483520508,0.23071572184562683,306V,11.0
0.7576726078987122,0.24232739210128784,306T,6.0
